{"120363315618102700@g.us31-08-2024":[{"user_id":"6283170146663@s.whatsapp.net","tanggal":"31-08-2024"},{"user_id":"6283836226454@s.whatsapp.net","tanggal":"31-08-2024"},{"user_id":"6281275673391@s.whatsapp.net","tanggal":"31-08-2024"},{"user_id":"6283854620462@s.whatsapp.net","tanggal":"31-08-2024"},{"user_id":"6285863951716@s.whatsapp.net","tanggal":"31-08-2024"},{"user_id":"6283111549714@s.whatsapp.net","tanggal":"31-08-2024"},{"user_id":"6283856811995@s.whatsapp.net","tanggal":"31-08-2024"},{"user_id":"6283136150720@s.whatsapp.net","tanggal":"31-08-2024"},{"user_id":"6283140700031@s.whatsapp.net","tanggal":"31-08-2024"}],"120363153310320288@g.us31-08-2024":[{"user_id":"6281275673391@s.whatsapp.net","tanggal":"31-08-2024"},{"user_id":"6281374722133@s.whatsapp.net","tanggal":"31-08-2024"}],"120363315618102700@g.us01-09-2024":[{"user_id":"6283170146663@s.whatsapp.net","tanggal":"01-09-2024"}],"120363153310320288@g.us02-09-2024":[{"user_id":"6281374722133@s.whatsapp.net","tanggal":"02-09-2024"}],"120363315618102700@g.us27-09-2024":[{"user_id":"6283132688590@s.whatsapp.net","tanggal":"27-09-2024"},{"user_id":"6285256833258@s.whatsapp.net","tanggal":"27-09-2024"}],"120363306020871255@g.usWednesday, 25 December 2024":[{"user_id":"6285774397707@s.whatsapp.net","tanggal":"Wednesday, 25 December 2024"}],"120363212737245798@g.usThursday, 02 January 2025":[{"user_id":"6283875487797@s.whatsapp.net","tanggal":"Thursday, 02 January 2025"}],"85259360302-1530428623@g.usMonday, 27 January 2025":[{"user_id":"6285184844102@s.whatsapp.net","tanggal":"Monday, 27 January 2025"}],"120363376427740181@g.usMonday, 27 January 2025":[{"user_id":"6285701242254@s.whatsapp.net","tanggal":"Monday, 27 January 2025"},{"user_id":"6282320963600@s.whatsapp.net","tanggal":"Monday, 27 January 2025"},{"user_id":"6287847070391@s.whatsapp.net","tanggal":"Monday, 27 January 2025"},{"user_id":"6281517460185@s.whatsapp.net","tanggal":"Monday, 27 January 2025"}]}