{
  "120363374057952930@g.us": {
    "maxWarn": 5,
    "warns": {
      "62881023665485@s.whatsapp.net": 2
    }
  },
  "120363353465602736@g.us": {
    "maxWarn": 5,
    "warns": {
      "62881026747703@s.whatsapp.net": 1
    }
  },
  "120363316666930006@g.us": {
    "maxWarn": 2,
    "warns": {}
  },
  "120363372423818377@g.us": {
    "maxWarn": 4,
    "warns": {
      "6282396582850@s.whatsapp.net": 1,
      "6285956337454@s.whatsapp.net": 2,
      "6289513898540@s.whatsapp.net": 1,
      "6285866569284@s.whatsapp.net": 2,
      "6283876892331@s.whatsapp.net": 3,
      "6285215527536@s.whatsapp.net": 2
    }
  }
}